id,skillID,spawnSkill,isUsableCharacter,name,grade,passiveSkillID,moveSpeed,hp,damage,attackRange,attackSpeed,projectileSpeed,attackTiming,maxMp,startMp,summonCost,summonDelay,ImageRUID,projectileSpriteRUID,animationName,unitScale,dieAudioClip,criticalRatio,criticalDamage,synergyData
model://3b308c48-d7a0-420c-99bf-502e034642ad,model://1e2b0190-c990-4ac0-8975-a910034015e3,,0,돼지,3,1,3,155,23,1,0.9,1,0.9,30,0,14,1,43702e9817634dda8e9a74584c6fec21,"""""","""""",0,cafd34c902ba4af2a8747736465a8fb8,0,1,"{""synergyData"": {""jobId"": 1,""countryId"": 11}}"
model://5aac7c14-9173-4d47-96f1-5fc5429e36c4,model://425a9085-52a5-4c1f-a1a0-97905e4297be,,0,달팽이,3,1,1.15,28,9,1,2,1,0.9,30,0,4,1,2db94405cf0445f5be2b60a02c21dda5,"""""","""""",0,f2388bf910c14a5f81cf642606c719ea,0,1,"{""synergyData"": {""jobId"": 5,""countryId"": 11}}"
model://f2205e74-b8c8-4103-a768-59b58f8e2f55,model://607e2086-9c44-4a06-8d33-a299dc85b9f8,,0,파란 달팽이,3,1,0.5,43,14,1,2,1,0.9,30,0,4,1,0c69164656d24f64bd1a1f6ee4019dff,"""""","""""",0,3034cdb4c36e43548558e0bdd091da48,0,1,"{""synergyData"": {""jobId"": 1,""countryId"": 11}}"
model://af857ac1-d3ad-4509-b262-6a938c2a717c,model://aaa6135a-d47e-4d6e-9f48-aec11af2bd4c,,0,빨간 달팽이,3,1,1.15,92,14,1,2,1,0.9,30,0,7,1,1371f44b1ce643e185ebf5396bddaaf7,"""""","""""",0,e8ce6b09cb4249d1ab7a7d7dba457576,0,1,"{""synergyData"": {""jobId"": 5,""countryId"": 11}}"
model://4a6f379a-312c-4ba4-8837-8b4a2a117b60,model://2de503c5-d12f-4b19-86c6-f3d486fc1b0d,,0,슬라임,3,1,0.8,172,23,1,1,1,0.9,55,0,11,1,72fc26baf0fe4a24aea38b8b061d9178,"""""","""""",0,9450845167f944f0894e8d141cbae52f,0,1,"{""synergyData"": {""jobId"": 1,""countryId"": 11}}"
model://eacb328a-428a-474c-b7e3-cb313b099806,model://1e2b0190-c990-4ac0-8975-a910034015e3,,0,스포아,3,1,0.7,40,5,2.8,1.125,1,0.9,45,0,6,1,f84d50d06d1c45308d8497e8bf226308,606b873258264a8291238074f707f5c3,"""""",0,a2260b88ead34c27ab19436902be08bb,0,1,"{""synergyData"": {""jobId"": 4,""countryId"": 11}}"
model://f37a2185-c6a9-43b6-90ea-75d69a3305f4,model://1e2b0190-c990-4ac0-8975-a910034015e3,,0,주황버섯,3,1,1,270,37,1,2,1,0.9,30,0,15,1,6d381bea1bcb4504b518a1fbfa0904ac,"""""","""""",0,9f9df446cc81446ea132ba39a5e7c44b,0,1,"{""synergyData"": {""jobId"": 1,""countryId"": 11}}"
model://1b9eb727-5294-4a6e-ba66-247dca5b9a5a,model://1e2b0190-c990-4ac0-8975-a910034015e3,,0,시니컬한 주황버섯,3,1,1,1200,49.45,1,1,1,0.9,30,0,59,1,74dd2989723d49fea80943f3c8e5fc82,"""""","""""",3,9f9df446cc81446ea132ba39a5e7c44b,0,1,"{""synergyData"": {""jobId"": 3,""countryId"": 11}}"
model://62f3f55c-28fa-4151-bb73-39758b57801a,model://db9c87c5-199c-433b-b272-b935fada420d,,0,스텀프,3,1,0.3,152,27,2.5,2.7,0.3,0.9,30,0,8,1,cf2a470436cd4b2aa265648e15198c45,55930c96efc746dd86b055e22d9612ed,"""""",0,c9fa7b16598d40fd88c394f392cf1fcd,0,1,"{""synergyData"": {""jobId"": 2,""countryId"": 12}}"
model://1caf8be4-409c-44aa-8558-237d5046abe6,model://a4875bb0-35ef-4ad8-9fa7-ad87600aa616,,0,마노,3,1,1.15,2875,54,1,3,1,0.9,30,0,127,1,f284a303287f4fc1abf27945ca3b041e,"""""","""""",0,ba4aab7d12af410ea2cc7e3fbc97ec54,0,1,"{""synergyData"": {""jobId"": 5,""countryId"": 12}}"
model://96e0a3c4-6bdc-4618-b484-d336b13d56eb,model://e335e63a-c832-491f-8741-155bfa1094d9,,0,파란 버섯,3,1,1.62,384,45,1,1.5,1,0.9,35,0,20,1,6a98e7ec155643c4a53ff7a81965a6d9,"""""","""""",0,7cb47e8521c24caa856448931e6a4b30,0,1,"{""synergyData"": {""jobId"": 1,""countryId"": 13}}"
model://397e3aa9-6cbf-4950-a18a-51c62a559dfb,model://e335e63a-c832-491f-8741-155bfa1094d9,,0,우는 파란버섯,3,1,1.5,280,51,1,0.9,1,0.9,35,0,19,1,1a176a7afb114fe7aef2bc58ef2d945b,"""""","""""",0,7cb47e8521c24caa856448931e6a4b30,0,1,"{""synergyData"": {""jobId"": 4,""countryId"": 13}}"
model://acbba4d1-8524-4ad2-9d8e-ba8b94a7f5e6,model://1e2b0190-c990-4ac0-8975-a910034015e3,,0,리본 돼지,3,1,4.32,240,34,1,2,1,0.9,30,0,16,1,75f0bfd07e984a529f8ce20230ece64d,"""""","""""",0,cafd34c902ba4af2a8747736465a8fb8,0,1,"{""synergyData"": {""jobId"": 1,""countryId"": 12}}"
model://c57eb6a8-03e3-4115-999a-8b8c607e79da,model://d37fd779-a8f7-403c-9735-66401cd53106,,0,스켈독,3,1,2.16,96,9,1,1,1,0.5,35,0,9,1,0ac80dbfd4e54d908caa008988b035e8,"""""","""""",0,3e4ff08f0d4642ed866b05df10ef0ed8,0,1,"{""synergyData"": {""jobId"": 1,""countryId"": 16}}"
model://23f0df68-18dd-472b-8bcd-82acc77cbd18,model://180af03e-7b3e-49a1-8eed-1c7aeaa471de,,0,스톤골렘,3,1,1.15,392,53,1,2,1,0.5,35,0,20,1,35b81333e60440c99196851e1de5d990,"""""","""""",0,8c17778a464340899f795297bcda78d1,0,1,"{""synergyData"": {""jobId"": 5,""countryId"": 13}}"
model://2e70488f-dc60-48d0-ad91-fd2dc035a7c6,model://dc7f785e-b049-4412-bcea-91ba7fbe559b,,0,다크 스톤골렘,3,1,0.5,516,63,1,2,1,0.5,35,0,29,1,803ef7a19f244dd39737cdf15960c733,"""""","""""",0,8c17778a464340899f795297bcda78d1,0,1,"{""synergyData"": {""jobId"": 1,""countryId"": 13}}"
model://3a18c7bf-046c-49ee-8f2c-961fda88e2ef,model://79263eec-6a6b-4094-a367-79701d6766e7,,0,머쉬맘,3,1,1.15,2800,125,1,1,1,0.8,55,0,133,1,23c38ef3acad4a30ad59120bb939b008,"""""","""""",0,cc29a1df83da4421a384362b9b3fafcf,0,1,"{""synergyData"": {""jobId"": 5,""countryId"": 13}}"
model://4f30c6bc-38dc-4b7a-8cc2-bf320e465768,model://55567db5-b890-47b5-a0c4-0affabb7649e,,0,파우스트,3,1,0.4,3200,18,5.5,1.35,1,0.9,95,0,139,1,bbbd75483fab4184b6b7e462553893a0,2821dbf936f04e43a441f6b6d110aad2,"""""",1.5,a22bf2c30e354f9aa29954b08d869694,0,1,"{""synergyData"": {""jobId"": 4,""countryId"": 14}}"
model://a9c20d29-4d1e-415d-89a0-38a830c3a8be,model://345b5ced-eafe-46fc-95f5-7f00ffe4d23d,,0,버블링,3,1,1.62,288,36,1,1.1,1,0.9,95,0,16,1,7765add816404731a1b9cf615ecab042,"""""","""""",0,dda2f9f4523f48cb9b3799d5dfa53a73,0,1,"{""synergyData"": {""jobId"": 1,""countryId"": 14}}"
model://1bbd4c25-d888-4245-9d72-403fb04876dc,model://18b56494-9eba-46c5-981c-e352e5453d97,,0,루팡,3,1,1.3,240,13,2,0.45,1,0.9,95,0,20,1,abbd76a6010149e780fbee0b2c5acb7e,0922ec8bad874ab7aeac71986b21118a,"""""",0,131ea476305845e4849990c2952aa177,0,1,"{""synergyData"": {""jobId"": 1,""countryId"": 14}}"
model://dd4b0d14-fbaf-421b-afdd-573c5cc91448,model://e34cfaf5-4508-4c63-a74b-d299ea6ac031,,0,좀비 루팡,3,1,3.45,275,18,3,0.45,1,0.9,125,0,20,1,c96b8785655c4c07a1a4514e6dd51eab,0922ec8bad874ab7aeac71986b21118a,"""""",0,de78d2513382415d864a530245697e6a,0,1,"{""synergyData"": {""jobId"": 5,""countryId"": 14}}"
model://2e2f8b7d-3988-44e6-9939-31b203425f2b,model://2ee3cac5-b023-4aa4-a60a-18ecb2a0df54,,0,멜러디,3,1,0.8,120,110,6.6,1,1,0.9,35,0,17,1,8789b0afe56a49dcba70fbfe2eb052ce,7f5c06a80dd641b0a5633db4c997c34f,"""""",0,c1693de8116646358310d2513a48c29a,0,1,"{""synergyData"": {""jobId"": 3,""countryId"": 14}}"
model://2ec02ea6-db04-41cc-b279-49fb0531ff3f,model://f561b736-431f-48ae-b66d-a57f2cff158f,,0,초록 버섯,3,1,1.15,480,40,1,0.9,1,0.9,35,0,25,1,2b62fe2040a64952b31cd1b54b8dcf8f,"""""","""""",0,9d6373709f0e413aa563464c7be583e5,0,1,"{""synergyData"": {""jobId"": 5,""countryId"": 14}}"
model://d8705644-fa65-4c28-85a1-662101f6cf1f,model://f561b736-431f-48ae-b66d-a57f2cff158f,,0,뿔 버섯,3,1,1,440,13,1,0.8,1,0.9,35,0,22,1,574596d79f004965a293d2551343633f,"""""","""""",0,99e4b3066ae64b668f943fed7feb6f88,0,1,"{""synergyData"": {""jobId"": 4,""countryId"": 14}}"
model://f8e671ed-be6c-4fc5-8b44-71d7feffe832,model://633b31f6-05b3-4ec7-83f3-ea2c5ded3a12,,0,페어리,3,1,0.6,160,62,5.5,2,0.3,0.9,35,0,15,1,717d0dc8989c48ecb189ac601e396ac1,8f8b271dd1ba4a2f86a6c6c2cd999d3d,"""""",0,d90855a724004b4f8a6f7a3753b90e8b,0,1,"{""synergyData"": {""jobId"": 3,""countryId"": 14}}"
model://458add3f-20cb-48a2-9429-5673dbc5ae5d,model://3b9635f6-8edc-4c37-b3be-9966737bfc70,,0,커즈아이,3,1,1,432,18,1,1,1,0.9,35,0,21,1,f2e301b8087e4ed798c157c5c1218493,"""""","""""",0,9d60b8026f8445d0bd9871e7fc5464d6,0,1,"{""synergyData"": {""jobId"": 1,""countryId"": 14}}"
model://53c0ee20-8399-4751-95ea-3a5d8f4ebe4b,model://97a8de6e-d117-43b6-8073-7ec637e238f9,,0,콜드아이,3,1,1,540,32,1,1,1,0.9,35,0,24,1,b91cb2497a2b48e39c00817c6d6e80e8,"""""","""""",0,9d60b8026f8445d0bd9871e7fc5464d6,0,1,"{""synergyData"": {""jobId"": 1,""countryId"": 14}}"
model://c54b7465-79e2-4b6f-8bd5-be17dd7e4b23,model://b71ac346-1017-405d-998b-ea3389d96417,,0,옥토퍼스,3,1,1.15,160,33,1,0.6,1,0.9,50,0,16,1,ab3264c675164d968ee985d86f4358c4,"""""","""""",0,5deff8b7062042b0a0f87da58c43fba5,0,1,"{""synergyData"": {""jobId"": 5,""countryId"": 15}}"
model://2afe30c1-3003-4bd2-81b1-b731332a43a6,model://b71ac346-1017-405d-998b-ea3389d96417,,0,주니어 네키,3,1,1.15,202,5,1,0.3,1,0.9,50,0,21,1,767f15ed21d34538a7a5580c21dc0378,"""""","""""",0,7e1088256aa144a2a41255e90f16fdd4,0,1,"{""synergyData"": {""jobId"": 2,""countryId"": 15}}"
model://899a3457-6d13-42ec-a63e-224a9c736047,model://c58627a6-691c-46aa-b77e-d596fb27ca53,,0,스티지,3,1,3.24,120,5,3.6,0.3,0.15,0.9,65,0,20,1,2b059fbefaf149a0b9263c7bf17a5bd9,69f1f13c5bc341eea34b80321e149cc2,"""""",0,9571ec1cdf9c4fed9087cfdd98ac68bd,0,1,"{""synergyData"": {""jobId"": 3,""countryId"": 15}}"
model://fe2b1082-72ce-49f9-8a40-b0d3f9d881ce,model://9a0ca3d9-7822-45b4-a2ad-dc087e82665a,,0,주니어 레이스,3,1,1.2,296,35,2,0.54,0.15,0.9,50,0,20,1,73e624410a9b4b539774e98f433cf5c6,7552fbff7ae04b8ba4a42bdbe223353b,"""""",0,4e9c63a1a380426987dde38a099cd81e,0,1,"{""synergyData"": {""jobId"": 4,""countryId"": 15}}"
model://0835a3e4-13ca-47e3-89e1-cc8c0b1de90b,model://08eaff1b-aac1-487a-ad3a-67546d041f21,,0,레이스,3,1,1.1,400,45,1,0.9,1,0.9,50,0,22,1,15e7b98cec434b269c09e97f550921c3,"""""","""""",0,4e9c63a1a380426987dde38a099cd81e,0,1,"{""synergyData"": {""jobId"": 5,""countryId"": 15}}"
model://f25e76d6-61e8-4543-a497-3eccb4c2e541,model://3a97262a-b73b-4c67-8ae7-6be75d29d27c,,0,리게이터,3,1,1.3,480,46,1,1.08,1,0.9,60,0,24,1,f35f98827c6b4e66a447231d06131ee2,"""""","""""",0,3e9987a5013942919431f561ced3d861,0,1,"{""synergyData"": {""jobId"": 4,""countryId"": 15}}"
model://3fbdd15a-ffb0-483c-a705-48d79f483390,model://3a97262a-b73b-4c67-8ae7-6be75d29d27c,,0,크로코,3,1,1.15,432,42,1,1.2,1,0.9,60,0,21,1,c67694cddfee4953927519e4f6e6e2c9,"""""","""""",0,fe59467672d64ada8d38af1a0b2f0e4c,0,1,"{""synergyData"": {""jobId"": 5,""countryId"": 15}}"
model://9cc33a8e-3190-4139-b94e-677bf4ac8a18,model://6ef34092-f33d-40d8-b8bf-134e5224f8a3,,0,다일,3,1,1,4860,104,1,1,1,0.9,80,0,216,1,68070c6f4abe40658899a208ddaf4081,"""""","""""",1.25,0ab63d58894641629ca2d62376aeea59,0,1,"{""synergyData"": {""jobId"": 1,""countryId"": 15}}"
model://75a4fefc-2255-4b50-bd06-62ca565cfbe9,model://16dbe167-504b-4740-83c7-1fd3c872084e,,0,주니어 부기,3,1,1.15,436,90,1,1.5,1,0.9,20,0,21,1,a2204a21d88942b281d2cac6053ffbaa,"""""","""""",0,dec74f4192644fbfa998b9149914ba17,0,1,"{""synergyData"": {""jobId"": 5,""countryId"": 16}}"
model://542d5bbb-981c-426c-9c84-113195c8f764,model://8df7f94a-19f3-41cb-b12b-02c4546a8b35,,0,엑스텀프,3,1,1.1,464,45,1,0.9,1,0.9,30,0,23,1,bd977968bfeb4cf48bb68b9e50511638,"""""","""""",0,c9fa7b16598d40fd88c394f392cf1fcd,0,1,"{""synergyData"": {""jobId"": 1,""countryId"": 16}}"
model://4a5ee77f-a5c3-430f-973e-6444388da475,model://ee863f49-7bbe-4106-b15b-54b7159ff707,,0,다크 엑스텀프,3,1,1.1,460,54,1,0.9,1,0.9,30,0,26,1,4d6afe038613457c84a8b4e2525a12e0,"""""","""""",0,c9fa7b16598d40fd88c394f392cf1fcd,0,1,"{""synergyData"": {""jobId"": 1,""countryId"": 16}}"
model://aefa4ccd-c6cf-4c37-acc6-87ac97a23036,model://b51fb683-9dfe-4213-81f0-b48e5f6a917a,,0,다크 스텀프,3,1,0.2,220,185,3.5,1.2,0.15,0.9,20,0,18,1,ed3908e24d694bb786023fc1ed073489,55930c96efc746dd86b055e22d9612ed,"""""",0,c9fa7b16598d40fd88c394f392cf1fcd,0,1,"{""synergyData"": {""jobId"": 3,""countryId"": 16}}"
model://28b6e793-0c47-490c-80b3-4cb544dfcc33,model://778b4319-fb5e-491e-a8ab-3d42b1107174,,0,와일드 보어,3,1,1.15,420,31,1,0.7,1,0.9,25,0,20,1,8896dcf44350444b9f3db8a1751eae91,"""""","""""",0,d0dc707313934804b4c2c50942154382,0,1,"{""synergyData"": {""jobId"": 5,""countryId"": 16}}"
model://376e9ea2-9b56-41b3-b9c9-9a696fe76c98,model://38c54cd3-f15d-4708-9e60-5b55ab0a15ed,,0,아이언 호그,3,1,2.5,596,63,1,1.1,1,0.9,50,0,32,1,84a47945d8734a8a9e9317eaed427ca9,"""""","""""",0,f1ffefd99d3a4b23860ab05196ac99bf,0,1,"{""synergyData"": {""jobId"": 1,""countryId"": 16}}"
model://3a51a020-bfa0-4d79-97c5-b9fe3647507b,model://fba81b9b-690e-46bb-9ea6-2e3d14240c61,,0,아이언 보어,3,1,2.5,544,72,1,0.9,1,0.9,50,0,34,1,e6c2fd7213d44cd3a5dd5eed2e8fb1ce,"""""","""""",0,eaec67e7c7ea4f59a580476e170a614f,0,1,"{""synergyData"": {""jobId"": 1,""countryId"": 16}}"
model://90507375-b1a4-4a84-946c-9ea9ad96797f,model://1d816a8e-ed40-4f79-8f03-39c475e60905,,0,파이어 보어,3,1,1.15,620,18,1,0.45,1,0.9,80,0,30,1,7c09049b915d49d5b73c48df4f2666b1,"""""","""""",0,099a5f1fb2314c3fb43e38115747e7c3,0,1,"{""synergyData"": {""jobId"": 5,""countryId"": 16}}"
model://4ad2469a-fac7-48f9-8c27-1d83100e5a05,model://9d933c27-3043-4ce7-aea2-6be99576b3c0,,0,우드 마스크,3,1,1,400,45,1,0.48,1,0.9,60,0,15,1,73ce3620378b471a819c734757a0746a,"""""","""""",0,c02c76d80f024cd18361d17247a4ee87,0,1,"{""synergyData"": {""jobId"": 4,""countryId"": 16}}"
model://34cf0b95-51d4-4958-baa4-2a1a89178ce3,model://d3b5c31c-ac40-4467-b258-9a1904cd3755,,0,스켈레톤 사병,3,1,1.19,456,108,1,1.6,1,0.9,15,0,29,1,0f7660bf15a14a379657c4f35fe10fd0,"""""","""""",0,78fb15cfb622489293a78f213a55ee31,0,1,"{""synergyData"": {""jobId"": 1,""countryId"": 16}}"
model://a3d86841-acfb-4fad-9305-81b669deb919,model://33556456-8b33-4ace-8617-95435714fbdc,,0,스켈레톤 지휘관,3,1,1,668,36,1,0.63,1,0.9,30,0,21,1,ed882269a5d543318ad73e7032632960,"""""","""""",0,2155e76eda034a6b87d65b189ffd9355,0,1,"{""synergyData"": {""jobId"": 1,""countryId"": 16}}"
model://8726f1f0-acdf-4e4a-89dd-2dfee5588d91,model://ee5d1e9c-7bf5-4449-abb4-8bb555d00cba,,0,스켈레톤 총사령관,3,1,0.3,6500,360,1,1.2,0.15,0.9,20,0,353,1,fe53139e92e34fa1bf707de457978bd9,982ed3b0ebd047adb265e9c11a6c44db,"""""",1.25,95668dd6ee0d46b6be767b734a655b0e,0,1,"{""synergyData"": {""jobId"": 1,""countryId"": 16}}"
model://b94957a6-b9ec-4357-8a7f-d65ad9a7ed57,model://5f0ae7e1-ca3e-4062-aba3-c23843650141,,0,믹스 골렘,3,1,1,600,60,1,1.4,1,0.9,30,0,26,1,90ae76c7837d48bbbbfa6704520425d0,"""""","""""",0,2f7829871c0b4b31a90ddcbd4974e552,0,1,"{""synergyData"": {""jobId"": 4,""countryId"": 17}}"
model://2013ef64-7ba9-41ac-8c7d-c740be108dda,model://b8932f4a-67b0-435f-be7e-0418eb22dd89,,0,좀비 버섯,3,1,1,400,46,1,1.05,1,0.9,20,0,21,1,d2094522ccbb4ae28b16b9db79d4afe5,"""""","""""",0,64331b8092f24a3d928457b8853f446c,0,1,"{""synergyData"": {""jobId"": 1,""countryId"": 17}}"
model://a29125b0-9674-41d0-ae17-25a2b77020fc,model://94da2f68-15bc-405d-820c-0737c4af078f,,0,이블아이,3,1,1,260,80,1,0.9,1,0.9,10,0,15,1,afa420cb301f4cce9e017a91e1ab6c0a,"""""","""""",0,72c9a0a7a14e48ab86000900d4bc0285,0,1,"{""synergyData"": {""jobId"": 5,""countryId"": 17}}"
model://fcb7c76b-0e5a-4ef7-a6c1-a54bcea79c05,model://85a08519-4b41-44e1-b36c-f84392822700,,0,좀비 머쉬맘,3,1,1,8000,450,1,1,1,0.9,40,0,402,1,f7de3ca7cbb54870a1ecd709e2a60dad,"""""","""""",1.5,18daddbff4194a1da3b8716e593b8487,0,1,"{""synergyData"": {""jobId"": 1,""countryId"": 17}}"
model://d748522d-07cd-4c0d-b42f-15f6690d254f,model://f3885333-a3a5-4f0d-a20a-438c3d5f947c,,0,드레이크,3,1,1.15,700,51,1,1.1,1,0.9,60,20,33,1,5486cbfd38a7464ca6a5a246f4f686c0,"""""","""""",0,05912d47b0f842b8a0b388af9993f4a5,0,1,"{""synergyData"": {""jobId"": 5,""countryId"": 17}}"
model://2979d6ea-be9b-46bf-8f2c-5f5ed3fb53f5,model://437aaa5d-9912-4cf3-bc8b-7211eb60db89,,0,레드 드레이크,3,1,1,600,55,1,0.88,1,0.9,60,30,30,1,098562530e4b405597d0b33ea691f129,"""""","""""",0,05912d47b0f842b8a0b388af9993f4a5,0,1,"{""synergyData"": {""jobId"": 4,""countryId"": 17}}"
model://bf50ca2e-a2b0-4f8a-a865-f35150340371,model://f88dbd99-cf72-43e2-9914-172438b23ae2,,0,아이스 드레이크,3,1,1,650,50,1,0.88,1,0.9,30,30,32,1,2e79a1fa49c9482aac94d2b8e0858266,"""""","""""",0,05912d47b0f842b8a0b388af9993f4a5,0,1,"{""synergyData"": {""jobId"": 4,""countryId"": 17}}"
model://4b9ba417-91c8-4c54-a8e4-a6f71be9a871,model://759132fe-c373-4032-9b00-b4ccc5eae6e4,,0,타우로 스피어,3,1,1,500,115,1,1.5,1,0.8,30,20,30,1,79eef6d524124610ba5176c6aa9a23c2,"""""","""""",0,b7d4d3722f454d58b4cbb577dc0740e2,0,1,"{""synergyData"": {""jobId"": 2,""countryId"": 17}}"
model://8f5cf161-d65c-46c9-aadd-86344a6d5ca0,model://a5f35ef5-be46-43c8-b33c-a68b987596da,,0,타우로 마시스,3,1,1,650,96,1,1.2,1,0.9,30,20,34,1,552035ae78974838be48ad359328fedd,"""""","""""",0,b7d4d3722f454d58b4cbb577dc0740e2,0,1,"{""synergyData"": {""jobId"": 2,""countryId"": 17}}"
model://69d91518-fe5b-404d-a503-c0cbd9b667c2,model://625546e6-c738-48bd-9c3e-6812205eda5f,,0,와일드 카고,3,1,1,450,73,1,0.72,1,0.9,30,30,28,1,fdf7c3ae864249efa0f4e00b0899a0fe,"""""","""""",0,2ffee0f6239c4f9da1cfd8224494ae55,0,1,"{""synergyData"": {""jobId"": 4,""countryId"": 17}}"
model://f7092210-4613-4b65-9399-dbc7c639b9a6,model://59fdb678-f37c-4515-91d1-65279c57dcc7,,0,주니어 발록,3,1,1,10000,506,1,0.9,1,0.9,20,20,382,1,20d46f5a9b9641e0b3703dc95ac5fbc2,"""""","""""",1.5,afda2987bf8e436ab70d9a67eea7c246,0,1,"{""synergyData"": {""jobId"": 2,""countryId"": 17}}"
model://6194a4e3-0eb4-417a-92b5-891af548b672,model://1351756a-2813-4399-8e30-725c1e327581,,0,시그너스,5,1,0.5,300,115,2.8,1.4,0.15,0.9,35,0,18,1,0637a18586ee4c1192a9cd48494c6d4b,eed4c3b01358459bb6ece3154b7586aa,"""""",0,,0,1,"{""synergyData"": {""jobId"": 2,""countryId"": 17}}"
model://54485d61-c78c-4bb8-b5b8-f6bd51d4633d,model://1ce5e265-6b5c-42fb-aceb-737aed6e07cf,,1,광신도,3,1,1,100,10,2.5,0.5,0.15,0.5,40,0,6,1,5f3d9f571e2f4fc5abd17ebcd5d850fa,1299fac5a83e49338cff6d03b5e08a19,swingO1,0,,0,1,"{""synergyData"": {""jobId"": 3,""countryId"": 11}}"
model://6515208c-13e8-4aac-8ef4-1fc4ff3743dc,model://579ac36d-39b8-4990-a9f0-7bcdb5700ed8,,1,닌자 지망생,3,1,1.6,80,10,2,0.56,0.2,0.45,40,0,14,1,46b22e703399431d9ab0987233cac868,bfa25e5caf38486a943c8468383715fb,swingO2,0,,0,1,"{""synergyData"": {""jobId"": 4,""countryId"": 11}}"
model://03ab7c9d-7c9d-40c9-8835-6086c96a8114,model://ae6b2c61-0216-40d4-ab60-6f04f96bf9eb,,1,수습 마법사,3,1,0.7,150,51,3,1.5,0.3,0.9,40,0,13,1,543decec44e3488d98cf82e8580572f7,1299fac5a83e49338cff6d03b5e08a19,magic4,0,,0,1,"{""synergyData"": {""jobId"": 3,""countryId"": 11}}"
model://2023baf4-0bbb-46ce-8b34-5cd26f95a436,model://93974711-a0b2-466c-b77f-0816a9db8252,,1,길거리 파이터,3,1,1.4,324,10,1,1.2,1,0.45,30,0,15,1,d40ec063891141da8664c761d5f4ad08,"""""",stabO1,0,,0,1,"{""synergyData"": {""jobId"": 1,""countryId"": 11}}"
model://5730b7e6-b3cd-40dc-81ef-f635ccc27507,model://8141fe69-bed1-4d28-80b3-04d5fca81889,,1,마권사,4,1,1.5,200,45,1,0.56,1,0.45,60,0,18,1,a949a868124845c9a07ec7c33d5a52bc,"""""",stabO2,0,,0,1,"{""synergyData"": {""jobId"": 5,""countryId"": 11}}"
model://ecfafcc5-4753-42ad-b097-2db304e47a1d,model://cbccb296-505c-41a1-b094-324eeb0d2813,,1,수습 검사,3,1,1.62,384,5,1,1.4,1,0.45,40,0,16,1,5da395a123df4fdbb284923f34e835eb,"""""",swingO1,0,,0,1,"{""synergyData"": {""jobId"": 1,""countryId"": 11}}"
model://ddbe8a80-64a9-49e0-8dba-ccb2ffa4f887,model://04c59422-e4b7-4cf4-a6aa-0b3a289f43b0,,1,초보 궁수,3,1,0.6,150,30,2.5,0.63,0.2,0.4,50,0,17,1,014a7ceeb9834bf8b66d713925640f75,755984de5b0c41c89d33c4b5059caf9c,shoot1,0,,0,1,"{""synergyData"": {""jobId"": 2,""countryId"": 11}}"
model://550c1a50-58cd-4f4f-af95-34fe5186ffaa,model://70cee685-0553-4afa-b27b-6a3ba7223234,,1,달빛 검사,3,1,1.4,288,22,1,0.9,1,0.9,60,0,15,1,f9d21694080342e8b90ce4fea07942dc,"""""",swingT1,0,,0,1,"{""synergyData"": {""jobId"": 1,""countryId"": 12}}"
model://bc285acf-3954-4513-9580-d62748a7dcc2,model://ca2034fa-1edb-46dc-ac7c-dbe0d56222b7,,1,엘프,4,1,1.51,200,60,1.68,0.7,0.2,0.5,30,0,22,1,e1f9d229eeb9438dbfe5118440cfce62,db6a63e37670415e90157e65f5cc790f,shoot1,0,,0,1,"{""synergyData"": {""jobId"": 2,""countryId"": 12}}"
model://8af3d3a7-dcab-4ff3-b14d-ff885f4676b4,model://f679ae05-c8c0-46d3-aa31-96c00947873f,,1,화염 마법사,3,1,0.4,100,90,3,1.3,0.2,0.7,50,0,15,1,214d67a94cfe450dbcbbd702601d1650,fa8d9b0b161b4d8b825113721715d3c8,magic4,0,,0,1,"{""synergyData"": {""jobId"": 3,""countryId"": 12}}"
model://63c04242-fe53-4afa-b091-6886e9f5f529,model://a7ada1ce-4e60-47d9-a480-106ba1f71322,,1,체육 선생님,3,1,1.19,120,15,1,0.7,1,0.5,30,0,13,1,fbc9ba368ead4387a236beb75f4ba104,"""""",swingO1,0,,0,1,"{""synergyData"": {""jobId"": 1,""countryId"": 12}}"
model://a26e853b-6aab-4b94-9e4b-da2411d3ff6f,model://9a424e9c-7381-4a2b-bdd3-ee3c17217cec,,1,무사,4,1,1.15,150,45,1,1,1,0.5,50,0,13,1,4e1bc0403dc2491fa3e3e73935238189,"""""",swingT1,0,,0,1,"{""synergyData"": {""jobId"": 5,""countryId"": 12}}"
model://85774479-3395-4a3a-92f3-e8e412d54c70,model://4b27871c-803b-4761-a6ce-9740d1fb4400,,1,뒷골목 궁수,3,1,1,80,16,2,1.3,0.2,0.5,40,0,11,1,783d60b447e74b23b51f1bec37330b54,db6a63e37670415e90157e65f5cc790f,shoot1,0,,0,1,"{""synergyData"": {""jobId"": 2,""countryId"": 12}}"
model://c40c29dd-a9f7-4ecd-9f32-3f4b0706ac21,model://dbef34b4-5ef8-46f7-b54c-8c40b77bbd8b,,1,창술의 달인,4,1,1.15,242,40,1,1,1,0.5,50,0,16,1,cc1b0a06fbd347e8aff6c1677ffc2193,"""""",swingT2,0,,0,1,"{""synergyData"": {""jobId"": 1,""countryId"": 13}}"
model://458f195d-0342-4749-98ba-048df77ac36c,model://aafdefb3-6f09-4b8f-a565-ab0632a6f660,,1,화염 마탑주,4,1,1,80,46,3.3,1.5,1,1,35,0,11,1,ddbe74e1d9bb496dae8dc7ab111aa57b,bd8c4fce58384721b0c671fae71b67b3,magic4,0,,0,1,"{""synergyData"": {""jobId"": 3,""countryId"": 13}}"
model://6c92beb9-b8d9-45a0-914c-881035bd6ad3,model://7520a864-3ad4-46a8-9b25-d75ee984c6d9,,1,카우보이,3,1,3.45,100,15,3,0.9,0.3,0.2,50,0,11,1,048156058a604d7aabb2c53c50d1de39,a87a9f7db5c5485593ab6640b7e4e9a9,handgun,0,,0,1,"{""synergyData"": {""jobId"": 5,""countryId"": 13}}"
model://9c5ee7b4-2853-4d2c-9037-c9b9c073a030,model://aafdefb3-6f09-4b8f-a565-ab0632a6f660,,1,도적,3,1,2,100,18,1,0.7,1,0.3,50,0,12,1,a7bd311bba9846f797e766b911008550,"""""",stabO1,0,,0,1,"{""synergyData"": {""jobId"": 4,""countryId"": 15}}"
model://38e49ed8-6867-43d8-bc0f-b469363b3e0a,model://6263327f-9682-4a49-9023-c4389ffd4d2b,,1,나이프 마스터,3,1,1,150,15,1,0.64,1,0.3,65,0,13,1,8dc6d817e92e40ff9124d2c34a76a682,"""""",stabO2,0,,0,1,"{""synergyData"": {""jobId"": 4,""countryId"": 15}}"
model://87af3002-9559-4a3b-8dcf-716c76dbeb9d,model://2d3b01b6-8f6f-4edd-9525-181c73f1a9bf,,1,신입 포병,4,1,0.3,100,37,2,2,0.2,0.9,25,0,10,1,d36d4888c51a4e59bf0ad82fcbba0dde,a87a9f7db5c5485593ab6640b7e4e9a9,cannon,0,,0,1,"{""synergyData"": {""jobId"": 5,""countryId"": 13}}"
model://607b0611-13a6-4921-8e11-0abc165b2a4a,model://176eddd2-558b-41c6-8658-0440878e0030,,1,무도가,3,1,1.08,279.6,15,1,0.7,1,0.5,100,0,15,1,b46db5aa8397405e99f1c0775cf166f7,"""""",stabO1,0,,0,1,"{""synergyData"": {""jobId"": 1,""countryId"": 13}}"
model://488804eb-2952-48db-aec0-5ee29a3cc05b,model://a1bb00ea-4c9e-44c6-a78c-984d4879d89d,,1,수습 닌자,3,1,1.1,100,34,3,0.88,0.2,0.5,45,0,13,1,2558b2fa565b4197b9b6698fcd937eb9,08694ba6e39d44b3a82c4079ef7cd0fc,swingO2,0,,0,1,"{""synergyData"": {""jobId"": 4,""countryId"": 15}}"
model://eea15330-c5d4-4844-a9d9-f441061ca093,model://73591be0-57d2-44f5-87e1-4968a3c00140,,1,용궁사,4,1,1,140,50,2,0.9,0.2,0.5,10,0,17,1,48eed9553f37476aa234798e5fecc709,7a3054759da44af88328e5aa7607ff28,shoot1,0,,0,1,"{""synergyData"": {""jobId"": 2,""countryId"": 13}}"
model://3c3f182f-6a9c-44b1-8024-829363f7db7f,model://a0fd7528-468d-449e-9454-fd604e155dbb,,1,성기사,4,1,0.8,473,25,1,1.2,1,0.5,45,0,20,1,01d9771554b74783bb4f837705dba08c,"""""",swingT1,0,,0,1,"{""synergyData"": {""jobId"": 1,""countryId"": 14}}"
model://1723e1d6-066c-413c-8daa-65883ade2aaa,model://13e44c4c-9e5a-4265-8f70-bf32b4d9a5a8,,1,하이엘프,4,1,0.97,150,25,3,0.6,0.15,0.5,40,0,18,1,1eecfa5e2b0b4c04ab4118352c77c414,6b7b1ccbde6e4245ac96a52ca1106087,shoot1,0,,0,1,"{""synergyData"": {""jobId"": 2,""countryId"": 13}}"
model://9ec67b3b-a954-465a-b634-de9e40a1aa39,model://6c017479-31c0-4f25-9b8a-e52082921521,,1,용트름 마스터,3,1,1.08,240,10,1,1,1,0.5,50,0,13,1,f51e31fbe26e488598b567650d921ebb,"""""",swingT2,0,,0,1,"{""synergyData"": {""jobId"": 1,""countryId"": 16}}"
model://92cfd1b7-5141-4c0d-bdc7-b18f9d5d9540,model://499c4a07-8931-4a35-82f8-77d064216a13,,1,기사단장,3,1,1.3,240,20,1,0.81,1,0.5,60,0,15,1,251b6e12329048429490049a4f3cf564,"""""",swingT1,0,,0,1,"{""synergyData"": {""jobId"": 1,""countryId"": 16}}"
model://3a424524-731e-48fe-af70-9b9deca66743,model://7a62de4a-ff43-4b31-92dd-a22283491d90,,1,화염 마스터,3,1,0.4,100,103.5,3.3,3,0.15,0.9,45,0,14,1,89290a98382b4471ad49ec4b62606b68,bd8c4fce58384721b0c671fae71b67b3,magic4,0,,0,1,"{""synergyData"": {""jobId"": 3,""countryId"": 16}}"
model://a07d5ebd-147f-47ac-8924-d7111974d252,model://0cca65cd-8ba3-4be3-9a5c-3697a48679e8,,1,숲지기,4,1,0.5,150,57,3.5,1.2,0.15,0.5,30,0,15,1,e445b3034c024f229a7a5ecf3b895b96,db6a63e37670415e90157e65f5cc790f,shoot1,0,,0,1,"{""synergyData"": {""jobId"": 2,""countryId"": 14}}"
model://7f6df940-1b16-441d-b4b2-dc13cce4400b,model://c7936d24-2e85-486a-9311-3870589b1e5e,,1,속사 마스터,3,1,1,30,23,2.5,0.63,0.15,0.5,40,0,15,1,ae5501ad1b70453b9691d43439b0e04e,db6a63e37670415e90157e65f5cc790f,shoot1,0,,0,1,"{""synergyData"": {""jobId"": 2,""countryId"": 13}}"
model://6e6759ad-cbd7-4fdf-bee8-7e93bfb37094,model://e3a2b9cf-2f41-4da5-a377-62a9972fb059,,1,새비지 블로우,4,1,1,250,30,1,0.64,1,0.5,40,0,16,1,,"""""",stabO1,0,,0,1,"{""synergyData"": {""jobId"": 2,""countryId"": 13}}"
model://02c5b927-1095-4f34-9d02-9c6252772f52,model://85cb3ce8-ef11-4a98-9322-b45807b67a52,,1,1레벨 네크로맨서,3,1,1,100,5.75,4,0.9,0.15,0.9,40,0,12,1,"""""",1299fac5a83e49338cff6d03b5e08a19,magic4,0,,0,1,"{""synergyData"": {""jobId"": 3,""countryId"": 14}}"
model://494916e1-eeaa-4318-b36f-95d40d6c5e91,model://2b0fa00d-fe4c-4aff-8905-b4021927ea05,model://950b0dbb-b02e-4e3b-a230-c8ed0fffc7ed,1,히어로,5,1,1,1200,50,1,1.5,1,1,10,0,31,1,"""""","""""",swingT1,0,,0,1,"{""synergyData"": {""jobId"": 1,""countryId"": 16,""regionId"": 101}}"
model://591e85e8-1e69-4c41-a3c0-9be24579501b,model://6fb8d0a8-c2b5-4d87-8b4d-078cc0908729,model://5cad4702-d8cf-48c2-8f74-93f0e20021f4,1,비숍,5,1,0.8,400,52,4,0.9,0.15,0.9,40,0,16,1,"""""",1299fac5a83e49338cff6d03b5e08a19,magic4,0,,0,1,"{""synergyData"": {""jobId"": 3,""countryId"": 14,""regionId"": 101}}"
model://079e4d9b-f128-47ff-bc19-ea9c819925a3,model://fab7f9e6-28c1-4855-b1f8-9efdea4b4fa3,model://f8cd1ff0-8ab1-43a2-81d7-0fe8fd2feffa,1,나이트 로드,5,1,1.1,300,80,3,0.49,0.15,0.9,40,0,24,1,"""""",08694ba6e39d44b3a82c4079ef7cd0fc,swingO2,0,,0,1,"{""synergyData"": {""jobId"": 4,""countryId"": 15,""regionId"": 101}}"
model://21ada8e1-bc61-4683-8c6a-7105d7a65f9c,model://0dabb944-fad9-4426-b2c0-4b03ceef9ceb,model://dc87a1f1-6673-4f6c-9823-dd4d3fe271d2,1,신궁,5,1,0.7,200,170,5.75,1.5,0.15,0.9,25,0,25,1,"""""",db6a63e37670415e90157e65f5cc790f,shoot1,0,,0,1,"{""synergyData"": {""jobId"": 2,""countryId"": 13,""regionId"": 101}}"
model://1b254db4-577b-423f-b439-3e1b3475991a,model://e2b61c88-e866-4f34-accc-e86de2b00555,model://ecb3cae0-3949-44d7-94cb-297e36eaaa20,1,바이퍼,5,1,1.56,800,68,1,0.8,1,0.9,50,30,23,1,"""""","""""",stabO1,0,,0,1,"{""synergyData"": {""jobId"": 5,""countryId"": 12,""regionId"": 101}}"
model://4bceb5e7-5fc1-4768-b152-63ba57a12101,model://87e32448-4a16-40ba-9beb-c8e10643689a,model://761ab8cf-9f1c-454b-9557-465444a4ebbc,1,팔라딘,5,1,0.7,1890,85,1,2,1,0.9,30,20,36,1,"""""","""""",swingT2,0,,0,1,"{""synergyData"": {""jobId"": 1,""countryId"": 16,""regionId"": 101}}"
model://9835b280-7553-451d-bab0-b480c97aeb18,model://205371c5-8c78-4226-9e1a-95f3dd5130a7,model://d9987bdc-c37d-4a1e-b628-254e43aaa55f,1,소울 마스터,5,1,1.15,1200,60,1,1.08,1,0.9,40,10,27,1,"""""","""""",swingT1,0,,0,1,"{""synergyData"": {""jobId"": 1,""countryId"": 17,""regionId"": 102}}"
model://e1dca1b2-79a6-44ec-9d37-6474f4ba15f5,model://f0e494fc-8742-4f7a-8808-a55ddaf0c065,,1,산타 루시드,5,1,0.9,250,5,3,1.1,0.15,0.9,45,20,21,1,"""""",ed98c218a8624ec399cfe849e9d5d3ae,magic4,0,,0,1,"{""synergyData"": {""jobId"": 3,""countryId"": 0,""regionId"": 0}}"
model://2f0ffaca-fa8d-4d5e-a049-c43e4f5436a5,model://9bace09e-81b4-43f1-a70e-4ba2e15cc4d3,model://021ed072-60e9-4832-8ef0-743fdb939efa,1,플레임 위자드,5,1,0.4,220,184,4.4,2,0.15,0.9,20,20,30,1,"""""",1312398325674c5b958e91d1e46355f0,magic4,0,,0,1,"{""synergyData"": {""jobId"": 3,""countryId"": 17,""regionId"": 102}}"
model://cf3e0043-ba97-4491-a906-78595729080b,model://643fdc81-d332-4e89-810f-8cdb40eea24d,model://bb7fef90-024d-4174-9c9e-454712f8ebe0,1,"아크메이지(썬,콜)",5,1,0.8,250,143.75,4,1.26,0.15,0.9,30,20,24,1,"""""",9557bb8a1f164a1da21e4dc36526346d,magic4,0,,0,1,"{""synergyData"": {""jobId"": 3,""countryId"": 14,""regionId"": 101}}"
